id,x,y,z,logits_beta_amylase,logits_beta_galactosidase,logits_ribosome,logits_thyroglobulin,logits_virus_like_particle,logits_apo_ferritin,loss,score
5628.926_4904.558_596.945,5644.622462618727,4892.686332849264,593.8987006494971,-0.250919762305275,1.3042428931532541,0.2151099434069324,0.04166576250284368,-0.7815739033805889,-0.7566485482755239,0.1,0.95
5173.756_5124.78_558.683,5124.606430897957,5174.522021128509,558.4051819639438,-0.8838327756636011,1.157146493648387,-0.0021490805062734375,0.23204628536511912,-0.9711817079858766,0.5130593693727112,0.1,0.95
3510.155_195.58_743.106,3494.3613607403995,194.6615682823462,748.3038435860361,0.6648852816008435,0.019470052580200514,-0.698170554436213,-0.6808761528550251,-0.5740608598566472,-0.18137996665370892,0.1,0.95
5368.571_3285.0_924.286,5338.851743914287,3303.663438548021,916.3894222528018,-0.13610996271576847,0.15673870394459294,0.01567580523914988,-0.7572806824654472,-0.5909974920506946,-0.4284755244618409,0.1,0.95
5870.914_2555.995_402.796,5898.68004323665,2553.69503223754,402.1067436293167,-0.08786003156592814,1.0162061728238436,-0.6685415216171229,-0.10523207716031581,-0.1706196035931406,-0.9275373561568035,0.1,0.95
5692.178_363.77_822.506,5712.2940986983995,363.2098486635728,824.6406560849811,0.21508970380287673,-0.053288024784112764,-0.892014355644436,0.6510608348207998,0.351884846304383,0.2610998630616794,0.1,0.95
4330.594_227.707_232.155,4364.561409656504,229.78968856094465,230.73623224770614,-0.39077246165325863,-0.180050521628892,0.13582682401018037,-0.23413466089309373,-0.8291464712173097,-0.2275240202264185,0.1,0.95
2962.0_1081.667_524.222,2937.5302564449667,1092.3846474855102,526.2806643580127,-0.9312229577695632,1.232217499617081,-0.5704252305439719,0.15278877477592862,-0.5636044934748247,-0.1886938869626151,0.1,0.95
2595.909_762.727_660.0,2591.8553229803474,763.5777201201239,659.9257786309378,0.0934205586865593,-0.02835324738558298,0.6095104820891671,0.34873111264833934,0.31529851818986465,0.39593066666713217,0.1,0.95
2189.81_932.048_518.571,2169.2169049819536,936.1193399234678,515.9157550963326,0.19579995762217028,1.2540611689402232,-0.8531024465938136,-0.6589898193906873,-0.9366817955252467,-0.4924846840093076,0.1,0.95
2145.786_1449.929_283.357,2133.7111461080385,1439.918598121456,284.2414025970921,-0.22264542062103598,0.1221473152865789,0.3757042651922027,-0.37924921155315466,-0.606691686437667,-0.15339411027313238,0.1,0.95
485.221_2212.794_529.044,485.272969964976,2203.797125920148,523.8122290553404,-0.7181515500504747,1.045822746512029,-0.8762459314915805,0.7171832696849001,0.0811426770153203,-0.690003536806691,0.1,0.95
761.031_2527.937_656.812,753.8245839108896,2551.6343549190406,660.1087295963347,-0.9889557657527952,1.0689028855114113,0.17338319078704434,0.2684724723913179,0.07977848536032395,-0.884490343294819,0.1,0.95
1503.711_5532.695_1127.148,1494.6537772510335,5541.456607981952,1133.2356404271766,-0.2830685429114548,-0.1483878364262743,0.4327516869534852,0.08453874067995076,-0.5367427652062912,-0.9008489735538031,0.1,0.95
3130.0_3430.0_325.0,3139.382765804998,3432.894590814275,322.442817427663,-0.3780353565686756,0.2158189803265399,0.2111462560411863,0.10935000015807084,0.24209783960685705,-0.2633447167473591,0.1,0.95
1542.335_4102.275_970.0,1543.7212963697232,4122.62027883908,968.547836162489,-0.7608115081233966,0.8910459297680113,0.26290318070404967,-0.023377676229076563,0.07935405193638534,-0.2296788696715504,0.1,0.95
430.436_5762.282_972.349,428.0293515917742,5711.247228461998,966.0459747814133,0.045465658763988115,0.3939213719438764,-0.957804249604802,-0.8122689170316503,-0.955999140038572,-0.0071997584285025396,0.1,0.95
6028.531_1814.84_489.704,6039.293818849642,1817.8953773105584,494.1893560553692,-0.37128803784734665,0.5349130026265828,0.5065603467173143,-0.5662315212809577,-0.42546390775011844,0.17865977612715594,0.1,0.95
5142.516_1120.644_610.598,5174.34102148706,1120.7078852903292,610.8172993301089,-0.5424036690167551,-0.21605495689790022,-0.5190125881631451,-0.7194749601780324,0.3015767132796022,0.2606677921204905,0.1,0.95
2907.5_3320.0_580.0,2878.8029028752794,3343.420600832006,574.7825332676314,0.26680751302084693,1.1663414269266288,0.33409564765252997,-0.6753680975382976,0.24958259788596882,-0.15862610261158483,0.1,0.95
3112.493_2771.804_800.133,3131.530205611897,2752.8134133006715,796.1195053419834,0.6148803103281251,1.209198861866878,-0.472114231546706,-0.8085096513218425,-0.6808907724412816,-0.33371184974304013,0.1,0.95
2058.911_3929.241_786.634,2067.0700275974923,3965.4512271736203,792.1142642852525,0.6360295318449862,1.1476712148660377,-0.9884594633182234,-0.11129969351503563,-0.41562459559170944,-0.6535118156656607,0.1,0.95
807.718_4597.49_1060.788,805.1373493340176,4558.881333206578,1059.8643045383371,-0.7602692653326344,0.23745039824231268,0.5652301084947817,-0.4376268982838859,-0.2736931295592875,0.0967095758764775,0.1,0.95
5390.233_5613.953_1080.233,5353.092084614179,5578.6777219434525,1086.745003198565,-0.27274079524141204,1.3409008239344717,0.5976625096039045,-0.5618988052638664,-0.3038520917506604,-0.5306298366858393,0.1,0.95
3319.52_5476.3_1014.511,3334.6972793745185,5481.504407534523,1016.2110945306391,-0.4303190112450648,-0.935816711603113,0.8618767944066289,-0.125338499581781,-0.927929748250015,-0.5653115157908861,0.1,0.95
3106.079_5574.209_1186.11,3101.003497480889,5583.975713932129,1191.8969411750663,0.8165317719333074,-0.583162310239468,0.09052548767143054,-0.14835219711704037,0.37991063575484085,-0.6223937764420593,0.1,0.95
3676.997_5271.281_890.752,3662.0222768787125,5257.322853228444,891.6022434358126,0.3442710948117571,0.3252181306719686,0.24447832302738365,0.26709644658463566,-0.4851036141930455,-0.013602904274015976,0.1,0.95
3717.18_5455.125_1103.21,3702.189221816378,5434.389339649083,1108.1748819643058,0.2670594215217894,-0.06775204970992024,-0.00011898170968205335,0.453426342325274,-0.5509079090395699,-0.7090311237762275,0.1,0.95
3525.117_5614.423_1112.576,3537.3665829821566,5636.335380730565,1116.9309109083447,-0.9184497168904722,0.02815372114754075,0.974756840658189,-0.9711371776655303,-0.2830697183810067,-0.6466665906912168,0.1,0.95
3535.323_5008.014_1059.689,3538.990050243901,4995.304429087403,1060.882764272551,0.2903455808188997,-0.6966024135313149,0.9969566452500936,-0.3270804974370649,0.3114219842314282,-0.7854673271322505,0.1,0.95
2883.189_5382.516_1133.506,2892.0440885909366,5387.6035085620015,1135.9914835075008,-0.317867297899483,-0.802556073041375,1.3849914063424142,0.526570474882907,-0.6388817211987822,0.029575111813319344,0.1,0.95
2116.336_5189.631_1027.456,2121.1978965052444,5195.826459868464,1027.5050935411782,0.6344444004024317,-0.03395058781693555,0.7292199600709709,-0.5791770138332141,-0.8696561250717411,0.3996565824071898,0.1,0.95
2328.909_5130.186_1253.405,2329.752719282417,5126.042087915072,1257.5483705017466,0.8008361143266609,0.10159653565548621,0.4127894531408433,-0.3923753401739701,0.01633795041833508,0.39949200552602027,0.1,0.95
1947.981_5391.709_1313.177,1957.197205190323,5396.2203663522205,1313.8056434448727,0.7741728485302346,0.35698344979226554,0.9157725326161178,-0.8535964609086151,-0.7737198002675407,0.40174453410224364,0.1,0.95
2156.805_5609.771_1273.522,2154.1852233743484,5611.049058168924,1278.5805325804583,0.21285811931917986,-0.9839971301870644,0.018442761157613452,0.1544930782480171,-0.9929137826152938,-0.7491394397887021,0.1,0.95
2509.295_5370.443_1185.571,2510.6008529585074,5393.788651789168,1188.4597082621658,0.09746757873317224,0.20389764398528626,0.932255690774317,-0.609771401538626,-0.002949090113449848,-0.6298914235049919,0.1,0.95
2719.011_5096.74_1263.963,2727.967549055552,5081.666860320699,1263.6428942519017,-0.34920060368146455,0.298895044905362,0.9283906124183765,0.47764873425986965,-0.07934195077951936,-0.11343857879666425,0.1,0.95
3176.477_5049.588_1126.434,3180.241752674307,5060.504795229646,1123.7214517270365,-0.812650464343815,-0.3601745026765857,0.2902359303516644,-0.5754580205203945,0.3622147766534237,-0.3867675495198537,0.1,0.95
4934.962_6071.261_947.376,4952.812098081715,6055.395942153645,944.9814099356295,0.7840931103542266,0.09818120923523743,1.1693867638791364,-0.12541145799696574,-0.1923345615230973,-0.2316723976425723,0.1,0.95
4999.826_5866.993_1122.244,5003.693472670106,5860.878762926234,1123.788897214534,-0.609514024403911,0.25706668055501924,0.3160821216518208,-0.9576902184092703,-0.09633878572996513,-0.7237073401250036,0.1,0.95
4927.254_5595.834_1145.519,4937.333773982773,5605.44149987107,1148.563946258224,0.8809171687058286,0.6598357239845021,1.3686748877659447,-0.35592386155552674,-0.9783607368595856,0.4481769576368516,0.1,0.95
5615.95_4909.438_989.317,5590.44372447391,4899.618980634531,989.5277226692754,-0.14363170336537134,0.681979385135985,1.44960916196816,0.48423645251320646,-0.5877715511025801,-0.39924754338099655,0.1,0.95
5336.302_4963.521_1045.105,5321.781830241559,4954.396916534164,1046.4296542523184,0.7022733430337138,-0.44855571102807684,0.1313579594989137,-0.031165803322470736,0.3106166838250932,0.08580648281295794,0.1,0.95
5279.465_4564.465_417.07,5268.345811252586,4575.961266603683,416.129913571859,0.14012234017872993,-0.8309129008388627,0.8709119963206219,0.7226936991814181,-0.8038823786688664,-0.19140574231257065,0.1,0.95
4916.58_5065.955_1120.492,4895.920136379032,5044.300226535822,1115.757734781386,0.7547461438559109,0.28893739489231574,1.007046130052145,0.2223223061375701,-0.49671238829234277,-0.5419967229473903,0.1,0.95
411.526_315.634_370.328,410.4263650230061,315.50233492646197,369.53449134652845,0.6187223109570272,0.4095973067417745,1.2893400488429723,0.5890385614482601,-0.28412064159468714,-0.2176345802879686,0.1,0.95
430.518_110.647_133.701,428.80023933386616,111.19852488517222,133.39578081531994,0.5965903579335503,0.13093723955331138,1.0152650162477876,0.38467924481881577,0.2460074785445927,-0.47272755531160415,0.1,0.95
702.557_115.463_165.955,700.9971380068022,116.03580784158692,165.65579901426938,-0.24883409472011198,-0.836471424676888,0.8099450340536489,-0.9374604435936688,-0.3481627746145558,-0.15347436985618046,0.1,0.95
1055.336_457.84_237.445,1056.7679267867222,455.88621688548255,237.54033944475896,-0.4269174957434312,0.028049873390078695,-0.09936958510117777,-0.9350141515763669,0.15164078492352145,-0.4381025993984299,0.1,0.95
1152.917_482.744_468.791,1151.3586272128164,481.35926965321045,467.0957301467222,-0.7458789746962304,-0.09129672750464041,1.128189298143694,-0.6244714121554928,-0.1279533338533997,-0.8668579546097219,0.1,0.95
1424.626_537.985_227.71,1422.7765643045987,536.7218134512949,227.09805551548905,-0.8966365576627846,-0.07544294107142249,0.747454301872777,0.1091280286068794,0.01652786721172611,0.522329243961554,0.1,0.95
852.272_670.775_246.253,849.7962097612968,673.6811955927373,246.73060723128077,0.03260069660239062,-0.438055737082232,1.1700090833160481,-0.5287518828039909,-0.3854400110121095,-0.877608045106065,0.1,0.95
1135.8_1200.179_278.969,1133.1533341028337,1204.7500518311083,279.54484541539387,-0.949298513169085,0.6750082415395896,1.2377270000502618,0.2109951186030345,-0.4274658778200222,-0.7296608606894806,0.1,0.95
833.018_1211.915_291.627,836.655411313471,1216.5114329592066,290.3561736704714,-0.6871259146578279,-0.5645773571936041,0.7617162634121601,0.24339690549810844,-0.07572367259517629,-0.5633031207643291,0.1,0.95
521.382_991.567_232.765,522.1538298523063,990.2732736679955,232.54992367280443,0.9097305613263882,0.2839406350506372,0.7702277271689253,0.06439409844777289,-0.41255991260109415,-0.6135396563781943,0.1,0.95
724.625_906.686_436.445,725.4157905498145,903.5828384444266,436.6309741921723,-0.2880546426974768,0.31865223220800226,-0.12610680887460501,-0.7980336055179658,-0.9355963011695462,-0.9364630683824066,0.1,0.95
971.899_924.657_189.731,968.7027998104509,927.7429960852238,189.57119761210626,0.7109211680220144,0.2243646753212412,0.63712855628496,-0.8297685604672574,-0.3117377748364347,-0.26138403758231754,0.1,0.95
309.802_1409.819_659.974,310.51183940258613,1412.6885445364676,658.0391831938539,-0.6535962601799696,-0.24509813032592692,0.5115178590996401,0.07157917061085664,-0.11086888878529874,-0.9293257447556106,0.1,0.95
544.924_1197.59_831.877,543.0897994051072,1198.9274417545573,831.212692291348,-0.25077477074705756,0.08899625334277131,0.6852061892429457,0.4902923236676807,-0.07782891573347706,-0.7458222937529697,0.1,0.95
539.079_1402.459_906.531,538.4291696008727,1409.292243951876,910.200986306082,-0.8588625051991403,0.11780954407898916,-0.10599122450090759,0.01924951141582612,0.3163223379949406,-0.1022602825136288,0.1,0.95
1131.172_171.919_184.836,1136.709351075863,172.18371454564513,184.99140902603853,-0.22366014758695618,0.11932150008969453,0.6106997982159178,-0.05062678659027321,0.3180507322871351,-0.39767988503079216,0.1,0.95
271.44_4207.943_1181.704,271.82001534814793,4187.2324768897915,1184.014502952366,0.9223811276478284,0.575310117003551,0.17501328375023228,-0.8793113364772122,-0.8589107980716026,-0.9715739519835824,0.1,0.95
642.942_3879.471_1147.333,643.3081538216196,3891.772962961605,1151.4259043281938,-0.8111140784881432,0.1884317857444609,-0.031826843556019724,-0.44498240328885535,0.18282543535723633,-0.9636957802521117,0.1,0.95
559.039_3663.243_1180.24,560.0710656625913,3655.8937561834528,1183.374653425176,0.6289369651778716,-0.5095726918942841,0.046153613851949604,0.21232266773362213,-0.11948001450816248,0.36885634110220267,0.1,0.95
807.849_4177.77_1283.998,810.6187258087342,4184.596004717238,1282.4620948038114,0.47014208760777154,0.3980568188696365,0.31817739046836896,-0.6912551938232823,0.0508606522972016,0.2586621932569319,0.1,0.95
283.913_3819.565_1156.087,284.6965996288683,3836.3302168044984,1150.3747288558236,0.9810102840013466,-0.28204524217411797,0.46755002241602023,0.3509585516910745,-0.5228750436457751,0.45198142794156104,0.1,0.95
256.686_5246.703_1066.913,255.99050433400177,5227.515340927611,1065.33139539435,0.7168255036860236,-0.25355039236746807,1.0964459725338858,0.3129046009073473,-0.8556265836296943,0.407982534420124,0.1,0.95
490.506_5275.121_1291.868,488.2109236223639,5254.834397033299,1295.1425640286022,0.01050474489571429,0.4380359910274704,0.38128233771081566,0.5582104175833889,-0.4551176497721717,-0.9830932636907346,0.1,0.95
882.72_5136.226_1305.376,881.0909671458271,5116.042479716465,1309.989824719221,0.8107639528385273,-0.8411611823921276,0.38006063840008886,0.6531078226684005,0.3308500057125785,-0.10543689452767364,0.1,0.95
2003.082_3328.973_1001.08,1998.4296592933117,3330.7448006346726,1005.6192004323566,0.26367442433959853,-0.21970479175772362,0.3367298810187873,-0.42812369105634623,-0.058474161492146265,0.17370426592278088,0.1,0.95
1873.277_3543.216_678.046,1867.8629080828487,3535.1498054344524,677.4969270460202,0.5831580874516971,0.37393556846252374,0.001402131060826206,-0.13970866981750824,-0.919417735976698,-0.14273494357497252,0.1,0.95
1118.468_3619.591_1267.875,1123.421803423729,3623.3854109845015,1271.0131892880554,-0.11693899725324597,0.5446052779994416,0.4325189208364508,-0.7963033914159658,-0.7998116451260298,0.18795658547925675,0.1,0.95
956.16_2418.385_833.722,959.7586766972811,2423.647700491937,834.1066152153592,0.23643612663252211,-0.824046543546345,-0.010382701849104059,0.21968628873886875,-0.8981317910901291,0.2821016924929557,0.1,0.95
842.784_2288.479_463.814,841.2221348309087,2281.695886737178,464.29289996287196,0.4124844543129924,-0.8584531216830944,-0.00916939461858124,0.7167528665920453,-0.47602088594143155,-0.4217982505756501,0.1,0.95
1008.88_2721.708_938.224,1010.448189606427,2725.361565266012,935.6020269594328,0.6255991345150052,0.6482125246479141,1.4867617659459658,0.31087804235055844,-0.473236580256718,-0.8697388819500768,0.1,0.95
1534.252_2653.747_894.814,1532.6507303546612,2647.48372987,892.3033455056215,0.5542938318548736,-0.028376605459699222,0.5542085353499808,0.5770566300648406,-0.8443235247713882,-0.2315048373062597,0.1,0.95
1766.353_2563.641_1128.742,1773.6753737878098,2563.346997859761,1128.0177537127483,-0.9772927104651619,-0.18453048293022029,-0.056536562368149856,-0.7932568256935548,-0.8354632545120532,0.012768071301059197,0.1,0.95
1713.554_2870.877_1082.887,1712.8489042740855,2882.5137120950035,1077.7868710019764,0.4920897585308466,0.01506165126905773,1.4472064304677397,-0.3477251916287549,-0.600003079205395,0.35501463997555804,0.1,0.95
2887.071_2920.025_1138.122,2880.282923471717,2930.1313149541384,1136.256954285331,-0.5528083229610947,0.6760072186266637,-0.1298235720149047,0.6875891584712919,-0.9395761232691935,0.39018325736899095,0.1,0.95
5283.409_1249.497_917.141,5270.0222949379795,1244.4027815851166,918.7839836757678,0.055402218172599715,0.7277587452475826,-0.027497702539237667,-0.03629354514170184,0.35702354986673845,-0.18396736309456782,0.1,0.95
5762.274_1749.037_772.82,5765.810200039169,1747.7003119851754,772.0805400824296,0.25879727627052507,0.2106027188332339,0.6045381675145037,0.09195105934627038,-0.18195996330765973,0.4058064963659429,0.1,0.95
5903.842_1565.63_977.371,5889.834639435452,1562.1336385905768,974.097244339811,-0.9091072393170843,-0.5111240501095192,1.4276830635670876,0.5490589839701944,-0.36208054610000195,-0.032593147429602676,0.1,0.95
5482.753_1827.704_848.819,5487.39064091656,1818.6302847012848,848.5422013908121,-0.44523763403773464,-0.6726691820806553,0.6197393522003706,-0.3851671232346681,-0.18288144340877915,-0.8787339663346236,0.1,0.95
4787.941_1452.551_904.813,4806.988524951385,1456.4891449851636,901.4437279014136,0.948789615332333,0.716006695394509,1.008948445272777,-0.06719232256123053,-0.5666613371991411,0.26952023074284,0.1,0.95
4561.989_1641.32_954.457,4557.399662110449,1643.5704692843228,955.6238901220042,0.36946234510775855,-0.7170465255398891,1.3621391262597786,0.43121480268631407,0.32971987860869356,0.1321224330858416,0.1,0.95
4166.224_1356.023_1062.256,4154.530274104993,1352.79505860832,1057.2311727533495,0.22683039187157972,-0.2722571168543232,1.398329282367662,0.5069511677307106,-0.9366938618513349,-0.9588675197842869,0.1,0.95
4306.506_2049.676_1092.797,4327.932486875969,2054.6204520329893,1091.6388565406726,-0.2470732662439008,0.41036279556038924,1.488878374662808,-0.738274609479861,-0.16821699850701088,-0.4058102636556064,0.1,0.95
258.14_5412.14_1270.491,258.1645911744964,5414.93701674395,1271.3090943490513,0.9398287956292064,0.4652869262561331,1.241625649820489,-0.18447390195675173,-0.4192526967272688,-0.5734849677880982,0.1,0.95
3763.052_5198.677_1156.437,3747.6577084529945,5194.917676489057,1150.9682330916364,-0.8872490066981458,0.5046169346837925,1.199415675155929,0.7395087515178672,0.3952915719034674,-0.13352653925990116,0.1,0.95
638.516_1499.883_279.57,632.732531191414,1485.1742383611531,280.3681703818794,0.537974830361021,0.6438923699954248,0.4104146685245029,0.08038569703316395,-0.36923821056586914,-0.7985113123636678,0.1,0.95
2038.81_214.041_361.807,2022.8929748690045,212.22269542108097,359.1708704875286,0.9081020545174447,0.05474386394453126,-0.6204529428642519,0.8187591908661906,-0.1346204633589459,-0.4412661598687688,0.1,0.95
1504.54_3662.02_566.838,1508.3749533516793,3690.0788654878597,566.4037844525853,-0.772884815600742,0.16853736033147132,-0.13628921649970316,0.9938340016200125,-0.2717710984432093,0.32940314049692265,0.1,0.95
2166.658_2000.169_547.046,2179.3147218286385,2016.3275081409677,542.1257001522284,0.10381367754897108,-0.023967929528427898,0.45524498041285266,0.3520601872095709,-0.812378680169103,-0.9550990249511913,0.1,0.95
656.526_1988.951_597.846,655.5039198872626,1990.7645370261123,596.4004545757884,0.510274511347238,0.0793386193550285,0.16877241504471108,0.02055764102550467,-0.8090799341785223,-0.9773103215581042,0.1,0.95
3082.001_2240.364_645.634,3055.096839077761,2255.3562927426383,641.9107615187319,-0.29882488238680605,0.02645677512706157,-0.34887488513444437,0.4112063643212886,0.2658221722912477,-0.45672147144365144,0.1,0.95
2504.842_4565.01_628.011,2498.911500337032,4572.543139922432,625.8361452153863,0.027978978319621595,0.36355624216958893,-0.34173898134669156,0.7324308583964999,0.2073091922454432,0.4812521729059217,0.1,0.95
5788.387_2978.892_692.567,5845.821850956077,2957.9261878615334,696.1853815021409,-0.7058530381419241,0.6122624677810002,-0.18308695348796664,0.09934523564018755,-0.35720994126643424,0.5288508174453442,0.1,0.95
5360.187_4157.772_727.216,5363.308166682278,4126.7920682319345,725.4579729995538,-0.014763812014260802,-0.4279721980997357,0.05144541816576473,0.06785337667405594,-0.8937913406478705,-0.7989476338193872,0.1,0.95
2245.603_1789.767_785.667,2266.7601003600857,1782.903542443588,789.6269160408564,-0.7439083220844551,-0.7356893132886079,-0.7695468934019792,0.7651220559575934,-0.7453678818411973,-0.46075903801477336,0.1,0.95
1398.087_3775.91_1004.103,1408.1750282311584,3806.0403638631606,1010.7687234099452,0.7935768198120237,-0.17530674594260212,0.10814584594490506,-0.05016342410916408,-0.730795373667861,-0.936244958624293,0.1,0.95
3817.136_1389.497_1017.085,3779.8411324434946,1397.7262210855004,1012.0457818180577,-0.6621298738556709,-0.515252810084392,-0.7061625961006003,-0.1956575912627232,-0.8311097804591588,-0.2811851218689478,0.1,0.95
1229.988_2017.224_1143.411,1235.4177037830243,2031.7763581054837,1133.8499397501646,-0.587332563188415,-0.3661704417763487,-0.1643273303809376,0.8512870018150956,-0.9449630042224615,0.24708022229810656,0.1,0.95
2169.349_329.172_1145.444,2177.232864146749,331.7982964090939,1134.4336093970342,0.2558007789818155,-0.8577392844089629,0.45014051601725014,1.252317976925355,-0.9144908562031907,-0.5680708688903622,0.1,0.95
4890.0_4570.0_1210.0,4893.61569831398,4543.500995604253,1210.9539409597253,0.6124025595861227,0.30197186126756553,-0.6936951078684137,0.014267822605876002,-0.4813390560920653,-0.24414414310200672,0.1,0.95
4649.024_4763.902_624.268,4627.343294237879,4740.037684474872,630.5095292057558,0.2365095430605919,-0.35809026714859604,-0.23219237121897454,0.9505994323527364,-0.948643515953163,-0.6061983668233276,0.1,0.95
5513.22_4635.311_759.492,5528.763068143324,4598.487498105301,757.2129216274545,0.4266991717691049,0.5576598975757269,-0.15061544608799426,0.5758774643616492,-0.8499591841243135,-0.30203670775541075,0.1,0.95
4347.313_4142.09_1080.597,4313.538914289033,4165.295333685865,1083.8419051346707,0.06523453291004633,-0.5781013236755703,-0.5530562366240277,0.3064744438020434,-0.9719003231111831,-0.49755650169024185,0.1,0.95
3747.657_4574.435_1079.079,3742.7674507005368,4609.578984460642,1085.1484535588215,-0.5771039860069107,-0.43015460721042853,-0.801194861180043,1.1995174684874172,-0.16897056502433191,0.05939961786540382,0.1,0.95
5409.036_5614.819_878.072,5404.029797231762,5604.305519791996,880.7370302727862,0.5783424772146766,-0.13271057386344035,-0.8557123217748767,0.5845653827642732,-0.17842243477076927,0.1628855797275548,0.1,0.95
5141.848_2562.391_982.609,5188.517050385848,2568.574639353132,987.6052366881546,-0.13668090754064122,-0.778010273135719,-0.5289319963741175,0.28176319573362507,-0.09571586213575833,-0.10958584471649743,0.1,0.95
4465.707_2667.488_1096.463,4499.27598213635,2649.0585035072218,1106.3226525857795,-0.2878065482043075,0.7165365328997847,0.005586200132432634,0.06277461762063041,-0.8575045383314348,-0.7615397428724421,0.1,0.95
3957.731_2284.118_393.025,3939.0021502243635,2303.755979316084,390.66182464371064,-0.5080845432309837,-0.7204144105283732,-0.6902987400748325,0.14606559352729398,-0.7572769665873433,0.3989540624172233,0.1,0.95
3382.5_2805.0_1050.0,3382.5396505478525,2825.45437955794,1039.9279803637269,-0.8395325086767156,-0.08735018214775687,-0.3187412671971619,1.3593387934209753,-0.8431455369647267,-0.379345265488643,0.1,0.95
3261.336_2442.708_1020.181,3240.375516188812,2465.972645725775,1013.0883414781015,0.9389408665507377,0.5059823990555257,0.3563396377758046,0.09875091905819533,-0.7607573776539078,0.04308342308211238,0.1,0.95
2357.384_3572.778_1085.972,2376.838445328521,3594.984367280504,1077.8537288905218,0.8587519782551716,-0.031232566155762184,-0.0511229354799663,0.1371636229688945,0.0772901064687116,-0.7082117522502636,0.1,0.95
1649.074_3786.667_624.074,1661.2942508007,3815.552923109277,626.1890971799464,-0.35264152719151265,-0.2597405968074348,-0.1573667713838047,0.0717929344022396,-0.8392284453651151,-0.04743273379105312,0.1,0.95
1905.325_3728.049_1032.276,1897.6444364453373,3692.6166054337637,1033.596685283128,-0.42273889351948846,0.011354505275345345,-0.7437578926448242,0.48718377722738243,-0.2543747944277798,-0.9191552825570141,0.1,0.95
1498.586_4220.741_1323.401,1502.7505553542653,4240.7105473016,1315.9360798280043,-0.32679144361215884,-0.7661184621261848,-0.8947975490152056,1.3725308043585047,-0.5487046170353879,0.26340413553323044,0.1,0.95
2345.0_5647.5_895.0,2350.1107029164505,5628.545348604549,898.5704229853061,-0.4907186904724723,0.18581473666963694,0.26197824741687964,0.686411408657649,-0.33979333602977835,-0.35752817393026104,0.1,0.95
2303.101_5998.481_899.873,2287.110075444719,6050.16581813918,904.6764878492426,-0.3022634669140094,0.6173807109912169,0.37882821692763025,1.3291468245597318,-0.8259838871202374,0.14015326131768507,0.1,0.95
3525.787_183.38_733.264,3544.298143325291,184.48847759556585,728.392034768449,0.8766809136420757,-0.6846544648717513,-0.8896161961711494,0.9395499297647028,-0.1957376415481234,0.3132528917429045,0.1,0.95
2731.186_1063.66_237.062,2733.3370291151264,1071.404806888433,237.57048610793547,-0.720455246747421,0.3837651226362089,-0.6652986487207442,-0.06523865941367413,-0.7700278828966098,0.27073656356095616,0.1,0.95
1054.579_3043.832_715.813,1060.4556726641547,3062.749374275345,719.3623680940614,0.33039444139240026,-0.08986616090173238,-0.4043413963549859,1.1763289410148086,-0.45057684960831046,0.2738951255756603,0.1,0.95
430.0_2690.0_930.0,430.26104158087855,2677.4541471761827,922.8303114076475,-0.12173018285956316,-0.3441166928006608,-0.23195155578845336,0.17439750104560725,0.046653132246751494,-0.2157561914557325,0.1,0.95
1503.692_1698.051_288.667,1488.6722791126483,1707.81053145224,290.5104342416971,-0.5355746097063654,0.5652597574977491,-0.3627405725204691,0.5957819783383401,0.26906095535036567,-0.0261887263741723,0.1,0.95
676.591_834.773_70.909,674.211511415297,828.2299762067855,71.5680577059015,-0.7662039185832719,0.6353078950874467,0.04199536809855359,0.23273576950332986,-0.8050190982712578,0.23867929526166176,0.1,0.95
492.857_798.312_686.104,488.1204149764411,804.2541041759065,680.7262996907017,0.24014551185702704,-0.07177769996120056,0.4838616878645896,1.0221591475306835,-0.7876551683741484,-0.5137135742389447,0.1,0.95
452.931_1866.293_293.448,456.818041307267,1879.6778014963788,290.6642256521076,-0.5030217203710685,0.2944665490764579,-0.9443361583386062,0.6416080516760908,0.06744216003696668,0.36775439334832916,0.1,0.95
1604.444_695.079_1036.984,1616.5967608908427,691.2203901191584,1033.0840534224276,-0.3158365025681851,0.42898771012930237,-0.816351316654356,1.1228269876180617,-0.8215158727352246,-0.380231826725827,0.1,0.95
2620.97_1504.97_424.606,2638.3557080497953,1514.4990668765042,426.1120544416081,0.5945907315591072,-0.7391436764131336,-0.6194426839138152,0.9067194690039353,0.008051151164504056,0.00019030730106381344,0.1,0.95
2576.97_774.646_642.323,2567.049393514778,774.030981190622,648.2088990390985,0.38789688893420005,-0.055659468575182655,-0.5820135622144584,0.25151102869681985,-0.745763196478004,0.4171828756804603,0.1,0.95
2487.147_4256.221_704.01,2465.1568980814104,4239.637985571495,702.5548738674424,0.16678358953224093,-0.30251853483126656,-0.23307036595073977,1.2982730109245586,-0.7853080356374877,-0.08548146205379628,0.1,0.95
2280.316_3380.752_791.189,2297.5556267443712,3400.7217977390405,794.5913453894676,0.011777357768931962,0.0639303696562872,-0.9699370948574048,1.1674956015628237,0.30496559547705726,-0.11839223360083402,0.1,0.95
2790.0_3945.0_790.0,2814.9397790476282,3923.507283956473,783.3007443499204,0.3933016477537845,0.6051489232484945,0.17401613296024165,-0.08458206532918522,-0.1931962957664616,-0.05352452764274476,0.1,0.95
1110.308_5734.615_862.154,1101.1069542611717,5679.982978444109,865.4407796230856,-0.15173865739522796,0.2814129699870177,0.5510492445165646,1.2604892124577907,-0.3688248800342151,-0.8233486484884218,0.1,0.95
3148.098_3234.683_952.634,3147.215932111722,3214.830442861945,955.0583086458201,0.9696823979246691,0.45968267041592537,-0.793059949202577,1.2522648757542278,0.2178549068869795,-0.19061263088332747,0.1,0.95
1541.778_4082.63_989.996,1528.494426765983,4068.607141796366,982.1136776957259,0.1825508714898585,-0.3057352952659733,-0.909095679555428,0.23324320046386765,0.12399482803721595,-0.9927740441128196,0.1,0.95
1267.073_4858.78_1068.293,1273.6770393467796,4894.186215753558,1074.1147884405439,-0.33300165661771164,-0.3071864731517586,-0.10792329912304807,1.2505487725582034,-0.5151156078876543,-0.45875300504188476,0.1,0.95
6072.464_4038.0_715.679,6088.6067000192725,4056.8529820214726,718.1859751505783,0.47500249621949675,-0.21314078285173554,-0.62715599391963,-0.2127552419291135,-0.8028001714682802,0.37516369894970825,0.1,0.95
5967.452_4228.213_1124.601,5945.276439016121,4218.873934228515,1125.7302300243464,-0.0032644545210405163,-0.27106971786208667,0.518644195773046,-0.36943461553705836,-0.18717630961073922,1.0863322891544673,0.1,0.95
5847.622_5066.71_678.893,5846.176606903825,5073.878469398207,676.3203693628875,-0.9738110868233327,0.15455502730907644,-0.7044602949962127,0.672262352396852,-0.791872181145642,0.7468136330141569,0.1,0.95
472.853_5632.618_580.676,473.0884977859487,5626.967266619575,583.4855680266014,-0.8293006638427123,0.7345611982119484,-0.16635628285013734,0.03596993013687619,-0.9060929316562015,1.2699383338227173,0.1,0.95
564.507_5604.88_678.16,563.1807282243306,5631.847862587838,680.0767198648819,-0.5801888138088285,0.5626144636268419,-0.6594681967998681,-0.6682033660452201,-0.9488304650126672,0.8364244343715987,0.1,0.95
890.414_5615.759_467.69,893.7301959384489,5617.79278825609,466.9753872899711,0.12968226652523285,-0.8856669673946669,0.2873758437137175,-0.21127742753843196,-0.265853622941388,0.7875898852236358,0.1,0.95
5613.561_672.73_265.579,5609.24630138732,675.6848800141065,265.38878704376873,-0.19847387824934803,-0.026225823523700884,-0.7423011917550173,-0.6834450529382282,0.20649986941892418,1.575940120928467,0.1,0.95
458.087_1972.013_765.906,456.76678504536346,1964.4274893409379,764.9146945752066,-0.2533813674404941,-0.5289042687302165,0.0690392417767661,-0.28880254228931224,-0.9644591020755172,0.3435980518912568,0.1,0.95
1284.111_1752.411_250.87,1284.615605398587,1760.654352051621,250.8849538330629,0.43194445769479506,0.14652765892366337,-0.9550206524442174,-0.6137684382366679,-0.6764952847767001,1.1481526800140163,0.1,0.95
1284.136_1713.797_367.525,1287.0886276333692,1708.2883048765293,366.9414848754089,-0.9605789244912717,-0.8188510673468415,0.3278607017194943,-0.6893322880254595,-0.08615544900737548,0.47156513843289327,0.1,0.95
1233.112_2053.458_251.902,1229.426857900786,2062.955947909751,252.78258799592447,-0.8011172144813097,-0.5768803876609498,0.19896310688039415,0.48891185450493724,0.16230781039378817,0.7196063062047894,0.1,0.95
1194.107_1911.285_267.179,1191.8586910545644,1906.8023937669473,268.0402005236438,0.33617027314129233,-0.6433273259764715,-0.513374767766718,0.5596243242267483,-0.9817973070849696,0.2333933081329701,0.1,0.95
5543.161_2879.598_408.42,5570.607926030178,2868.3215675815436,406.80894185548425,-0.5842274897079454,-0.9538339652595537,-0.6988171777509364,0.014492316087264367,-0.4100056291705029,1.4925678692800806,0.1,0.95
5485.217_2774.62_411.413,5493.438136696909,2772.804392957886,413.30873995390454,0.6348871234768818,-0.4052378080456958,-0.5693571005040545,-0.3393352097889556,-0.1735870804792692,0.5181792796836868,0.1,0.95
5448.11_3486.46_985.533,5444.737624481754,3494.428132121632,986.8692359637148,0.24829781569826803,-0.28762372518724166,-0.08360167978571285,-0.24113983930454896,-0.5877479366413153,1.5795871588609645,0.1,0.95
3529.611_2919.728_380.389,3530.2313588185348,2914.287884372199,381.6393664532491,0.5272115883195216,-0.7562030741663726,0.4416568399905352,-0.15186971504584626,0.2523731176517279,1.3477741992778116,0.1,0.95
3438.216_3010.29_397.925,3425.185305623014,3013.4871944901893,398.7499329204674,-0.1495729910615331,-0.9609034035229957,-0.5539955834209895,-0.057556466490091565,-0.11313049224339389,0.5023047892757955,0.1,0.95
4251.254_845.627_720.143,4239.550184528447,845.7235964767912,719.6784151906727,-0.7212878518543517,0.4527786120307805,0.6341076199678964,-0.08529908279332667,-0.7596489998123751,0.5247994293702154,0.1,0.95
4592.044_1321.788_322.883,4584.608817771458,1320.2705270144986,323.63788529145756,-0.9632186469050665,0.5908799234152683,-0.8045332024023657,0.0031386673948011756,-0.6163226910379116,0.9645176839246377,0.1,0.95
4250.071_1837.26_319.929,4253.8241832336225,1838.6671214879457,321.41818545361264,0.30284077670372844,0.4437507384505308,-0.6573406888773987,-0.980867258134244,-0.8083601179036698,1.504029081283044,0.1,0.95
4395.13_1892.857_352.013,4383.268191646772,1888.2142477880195,351.2036601459952,0.7477801551250305,0.03949879777633644,-0.003142011680135448,0.15716381371048455,-0.7544802099271706,1.526482635642937,0.1,0.95
3670.295_1851.882_328.745,3660.0261526506565,1855.748457089974,329.75818952186626,-0.16245895021585377,-0.33333896084587444,-0.13859660923048972,-0.9182792178114042,-0.7672032837414888,1.251332441625138,0.1,0.95
3287.917_1286.28_282.56,3273.8116087437156,1279.8703545734706,282.6678613644602,-0.8344026641497471,0.049484670471515446,-0.5927204779290072,-0.3226256315669608,-0.5958287685210202,0.6548494376853206,0.1,0.95
2967.331_1646.264_312.781,2971.2212586929927,1653.2700907425517,312.7293833276209,0.438091810368491,-0.48300821481567546,-0.05976829710715072,-0.17167230017356658,-0.07086036849229266,1.5614543933466223,0.1,0.95
2987.912_1729.794_397.471,2979.8130190315073,1730.4591403385914,397.2149272930875,0.4651441944205006,-0.6260037412520832,-0.9482359957982675,-0.5436605629183043,-0.1668908970196433,0.18022426903543043,0.1,0.95
652.0_4574.214_416.571,654.6433384848,4584.251197741083,417.533388211193,-0.007267505597527313,0.038506557115387224,-0.4451551412438451,0.3413872345177301,-0.8507624456127195,0.21721493950786153,0.1,0.95
1032.835_4506.417_1003.228,1036.5494402862107,4517.320279439272,1000.9044791884604,0.4563775124072067,-0.13784510980121467,0.14274797807004175,-0.24340043082948157,-0.6550371534652505,1.3777996155717513,0.1,0.95
1100.435_4449.249_1078.617,1095.7125640782472,4456.8406870272,1082.4106379352056,0.5988317579379585,0.20877185928670255,-0.548239072198262,0.02700136035221154,-0.49463654428396253,0.24286803438954918,0.1,0.95
929.932_4524.384_915.137,927.4956212564803,4518.2408579938365,918.1636419243448,0.8346271509244856,-0.7619355822010072,0.577394007342532,-0.223949955053157,-0.7408138996259326,0.9453654779102386,0.1,0.95
1189.237_4882.468_464.122,1191.2465462612774,4861.472108936622,462.203611575714,0.7458916717528166,0.27407130235263644,0.33889150545000646,0.1462830580766482,-0.030812809675006603,1.4247452164418979,0.1,0.95
1649.873_4985.285_473.544,1645.1582702408668,4993.472716670229,475.35119157397406,-0.5006639822816281,-0.14840056326093556,-0.6327923265794604,0.7185423339141658,0.3216830755612585,0.16150582573486905,0.1,0.95
2165.042_4617.759_846.807,2157.0813970958734,4609.918046882361,844.6380176735098,0.41115034503137693,0.6099320723032585,-0.7002449270886264,-0.011775298838424736,0.28168361662325847,0.15295572659384604,0.1,0.95
2215.952_4694.502_928.61,2225.6027865244323,4685.766266235578,928.2822792917243,0.39484053449367984,-0.4826127271717617,0.5344976843250404,0.6896413465877399,0.32197308475880737,0.8397741779856434,0.1,0.95
2276.394_4608.261_802.558,2278.011220713871,4624.298452399532,803.4434759188384,0.7240853019786269,0.4695159534510225,-0.47029321441619565,0.44231292502217856,-0.9481893113983103,1.0301810104320026,0.1,0.95
2137.354_3437.938_600.0,2136.769883087716,3445.4930153147766,599.2739358247696,-0.5399823254245939,-0.7902136187475348,-0.8722576852955128,0.21154247002796317,-0.5241750507247074,1.2306361635848677,0.1,0.95
1685.81_3815.229_1354.985,1690.608142716636,3807.610837270254,1348.5989556647849,-0.8692873184021153,-0.45139481217473804,-0.10444445465694026,0.3758583068197966,-0.5537464958951022,1.076390547241734,0.1,0.95
2766.389_185.542_510.129,2774.8955631215467,185.18814294795519,511.9193121943524,0.7719554964723743,0.07160194743720993,-0.6132872719089679,-0.9575426400916238,1.718138423461302,-0.966819719073396,0.1,0.95
3084.893_487.084_760.823,3075.3424771194555,486.6377965150188,758.4023644564229,0.7494033453683988,-0.07964938679265116,0.5588523795314075,0.38988283024617776,1.8971077547466726,-0.45288956789533213,0.1,0.95
3693.973_2932.983_620.271,3679.083733106293,2930.1204199443373,618.4853629159084,0.5343765778622538,-0.3006402103199186,-0.20340647029551134,0.09185950599996395,1.7231479598608743,0.5351702119509004,0.1,0.95
3010.666_2469.137_884.272,3008.590181391307,2464.0914469979934,886.905648138371,0.5365468277290364,-0.2730857990288392,-0.30054737622006356,0.28339320476467117,0.8342880040756235,-0.8276603835150244,0.1,0.95
556.664_3167.112_664.183,556.2385897060476,3155.3077871585383,663.1225577386938,-0.2907556847184469,-0.5002041545218978,-0.5081285200430565,-0.5935225131731567,0.5589304654909069,-0.9721166618158744,0.1,0.95
289.388_4113.399_765.344,289.292573346338,4110.126640288951,768.2547561458808,0.9754447794720631,-0.2556747472995995,-0.36201776571492844,0.1825862718859415,0.80555544301109,0.4819394469623516,0.1,0.95
981.03_1910.541_780.365,983.277302805956,1918.9543284784052,781.9349675732799,0.5726900288311041,-0.8444248559766685,-0.306815912197019,0.5296658551581666,1.8226248312079747,-0.2708536424502032,0.1,0.95
1566.401_4710.311_791.778,1569.1165840024478,4718.663226681155,790.0065438037508,0.2268227784214154,-0.7093609337997892,0.645339919387381,-0.5968912395928085,1.819824483789176,0.013448772428094835,0.1,0.95
2010.056_4752.618_1057.078,2019.7879918809742,4771.761808871485,1051.899915197486,0.21547358975771824,-0.10792199083127507,-0.6170881125485206,-0.6928412243104156,0.8086806926982457,-0.709156311054963,0.1,0.95
2244.068_4310.063_959.548,2235.0562239528026,4315.041765651902,963.8473755038079,0.5591689471335066,-0.3907820490498896,-0.903981156904762,0.6862385764450117,1.7373002389487961,0.4472935617845323,0.1,0.95
804.27_5817.135_579.493,803.4868121855638,5805.55598548581,577.0916561216394,0.9898156452928706,-0.6974222663580921,-0.34223824862158647,0.3193349477251189,1.4744288652753093,-0.7599223861098261,0.1,0.95
4198.228_5534.578_858.169,4191.481556984421,5537.231122452022,860.0576125441963,0.6316662499812356,-0.6094734050042104,-0.6284627593944456,-0.0656645041654604,1.3301159087783847,-0.09506551577301453,0.1,0.95
5698.538_3331.427_806.002,5719.148046919627,3314.7833885846794,805.9099372171581,-0.8170263252044903,0.5267819009768618,-0.559103929302748,-0.7746440369679207,1.7442473118165682,0.49081633723841533,0.1,0.95
2913.77_5921.278_867.604,2796.592778573906,5719.399100735073,903.4415497632003,0.7242552345309012,0.4085579700212878,0.08770168786077603,-0.04150817514009761,-0.8782185361240258,-0.36281298760971004,0.1,0.95
2806.057_5772.0_1138.4,2666.9703662388315,5707.250304278612,1173.1183475241476,-0.25462296597537204,-0.5480284162570324,0.20087738872305094,-0.1371762209629388,-0.8865352977292928,-0.6565142049582944,0.1,0.95
1676.875_5103.125_1180.0,1663.0880148836293,5168.432573846274,1207.5464674710918,0.36651752731919185,-0.8675323044868777,0.413003477320956,-0.1384450429956847,-0.3271787917426928,-0.0758438559311525,0.1,0.95
579.608_4457.059_1065.686,572.3635157601823,4567.3841347962225,1064.1209480471293,0.6493619318502983,-0.3948119782501841,0.12550681324804547,-0.01562638264732355,-0.6261604217628102,0.3706627787140465,0.1,0.95
920.0_5645.0_1530.0,887.4018452949737,5613.377333431104,1601.7099661187913,0.5948520432138562,0.14570619230566034,0.4119656702964415,0.5090919096700561,-0.008291832598951387,0.3057407922473284,0.1,0.95
4033.412_3769.948_1173.543,3871.950611930406,3735.0592721711296,1097.1318973071968,0.3949429233385673,0.18344494286292273,0.026894887837205894,0.3097269528302957,-0.7779528525896968,0.37415838435032844,0.1,0.95
2777.874_3491.181_478.15,2965.9985605317206,3331.2577633290443,456.8510110217504,0.743687055490464,-0.9491097275198671,0.370855805937506,-0.7757664305962053,-0.5308336040372014,0.15987287981490816,0.1,0.95
1885.833_236.667_184.167,1868.6736531738234,235.6516488096964,189.81833840468022,-0.6784802079033836,0.42326262196716824,0.38134273540985153,-0.11700614325614501,-0.991059779596433,-0.552220512247136,0.1,0.95
1999.49_2273.469_310.663,2115.092227436837,2419.40054734639,301.0302614301286,0.2338538367514844,0.7072639497677168,0.048810454847669466,-0.5479417689483619,-0.11239201566054416,-0.15762280764326542,0.1,0.95
2345.73_2017.64_996.966,2364.617935227677,2113.2034235235515,1009.975303309835,0.5596907903022872,-0.8138536884410924,0.2633063181533664,-0.05819615310356813,0.34818880540259245,-0.46667942097964965,0.1,0.95
2080.0_1815.0_311.275,1930.4357960658804,1719.0783814559152,309.94326538217933,0.26524378626789624,0.6217289035874304,-0.8298338515354724,0.630777567791425,-0.03695998877886136,-0.8941741877959318,0.1,0.95
3379.651_1627.093_693.682,3649.6350789845665,1519.0007958778701,697.1139979265694,-0.3980728661063675,0.23221943424278996,-0.888198001561839,0.012976600706715496,-0.5157637202658606,-0.03137179228273568,0.1,0.95
2832.0_1580.0_670.0,2984.260819351428,1583.9062681065668,662.0140087219991,-0.9085159323749743,0.5164740427051348,0.6159916888344787,0.6858474681971032,0.04951256444009455,-0.7970654653962141,0.1,0.95
3680.78_2053.756_450.488,3956.983527022171,2097.440492827862,468.2145540822785,0.5165263918580452,-0.9572187653616854,-0.9632749044618646,-0.43691821867979824,-0.315899533433468,0.20183557178015743,0.1,0.95
1990.0_2810.0_730.0,2125.7552473897877,2735.9006396322466,710.2364235124846,0.3665907532130104,-0.22412929090445788,-0.5457797339724346,0.7349966302744174,-0.4033461768696379,-0.29583624204570624,0.1,0.95
3614.741_2640.948_742.026,3816.412162834,2775.498369891388,766.1097826128539,-0.6727523576166616,0.3829686148248771,0.15151249479727108,-0.6158608737475569,-0.8846665361378202,0.06157891123655246,0.1,0.95
1571.774_1085.222_661.613,1487.856636729337,1128.8285011037165,637.3626528001604,0.30902242856227047,-0.5245284230231158,0.5784335133356812,-0.7371592683012336,-0.3947312785403574,0.47204083546145426,0.1,0.95
1440.667_1001.667_790.333,1437.3571829247535,1029.3603953503978,758.897179459667,-0.1605453661477554,0.11103514893550884,-0.33999329938176154,-0.5228655479133142,0.37756870714375945,-0.3614389501485329,0.1,0.95
2501.623_951.948_806.623,2387.047585578329,910.0075572343658,757.6649698762495,0.7881984073582688,-0.59987898574951,-0.6462461913183617,-0.9458266957809502,-0.08766644447376098,-0.4250989037909326,0.1,0.95
730.0_1848.333_921.667,718.4415061697761,1759.35570815141,876.3334140788128,0.7287164996792741,-0.17661476235669055,0.607201090338438,-0.6771856026765692,0.216072435137855,0.21149109035511715,0.1,0.95
4443.627_6262.353_945.882,4129.825455435548,5785.838424017161,888.3049884428499,0.541843689288104,0.46992281692338456,0.26329982496537807,0.08962335963866278,-0.8162571712446575,-0.949259159993647,0.1,0.95
